<xml xmlns:o="urn:schemas-microsoft-com:office:office">
 <o:MainFile HRef="../MANUAL%20DE%20USUARIO%20HC.htm"/>
 <o:File HRef="themedata.thmx"/>
 <o:File HRef="colorschememapping.xml"/>
 <o:File HRef="image001.jpg"/>
 <o:File HRef="image002.jpg"/>
 <o:File HRef="image003.png"/>
 <o:File HRef="image004.png"/>
 <o:File HRef="image005.jpg"/>
 <o:File HRef="image006.jpg"/>
 <o:File HRef="image007.jpg"/>
 <o:File HRef="image008.jpg"/>
 <o:File HRef="image009.png"/>
 <o:File HRef="image010.jpg"/>
 <o:File HRef="image011.png"/>
 <o:File HRef="image012.jpg"/>
 <o:File HRef="image013.png"/>
 <o:File HRef="image014.jpg"/>
 <o:File HRef="image015.png"/>
 <o:File HRef="image016.png"/>
 <o:File HRef="image017.jpg"/>
 <o:File HRef="image018.png"/>
 <o:File HRef="image019.jpg"/>
 <o:File HRef="image020.png"/>
 <o:File HRef="image021.png"/>
 <o:File HRef="image022.jpg"/>
 <o:File HRef="image023.jpg"/>
 <o:File HRef="image024.png"/>
 <o:File HRef="image025.png"/>
 <o:File HRef="image026.png"/>
 <o:File HRef="image027.jpg"/>
 <o:File HRef="image028.png"/>
 <o:File HRef="image029.jpg"/>
 <o:File HRef="image030.png"/>
 <o:File HRef="image031.jpg"/>
 <o:File HRef="image032.png"/>
 <o:File HRef="image033.jpg"/>
 <o:File HRef="image034.jpg"/>
 <o:File HRef="image035.jpg"/>
 <o:File HRef="image036.jpg"/>
 <o:File HRef="image037.png"/>
 <o:File HRef="image038.jpg"/>
 <o:File HRef="image039.jpg"/>
 <o:File HRef="image040.png"/>
 <o:File HRef="image041.jpg"/>
 <o:File HRef="image042.png"/>
 <o:File HRef="image043.jpg"/>
 <o:File HRef="image044.png"/>
 <o:File HRef="image045.jpg"/>
 <o:File HRef="image046.jpg"/>
 <o:File HRef="image047.png"/>
 <o:File HRef="image048.jpg"/>
 <o:File HRef="image049.png"/>
 <o:File HRef="image050.jpg"/>
 <o:File HRef="image051.png"/>
 <o:File HRef="image052.jpg"/>
 <o:File HRef="image053.jpg"/>
 <o:File HRef="image054.png"/>
 <o:File HRef="image055.jpg"/>
 <o:File HRef="image056.png"/>
 <o:File HRef="image057.jpg"/>
 <o:File HRef="image058.jpg"/>
 <o:File HRef="image059.png"/>
 <o:File HRef="image060.jpg"/>
 <o:File HRef="image061.png"/>
 <o:File HRef="image062.jpg"/>
 <o:File HRef="image063.png"/>
 <o:File HRef="image064.png"/>
 <o:File HRef="image065.jpg"/>
 <o:File HRef="image066.png"/>
 <o:File HRef="image067.jpg"/>
 <o:File HRef="image068.png"/>
 <o:File HRef="image069.jpg"/>
 <o:File HRef="image070.png"/>
 <o:File HRef="image071.jpg"/>
 <o:File HRef="image072.png"/>
 <o:File HRef="image073.jpg"/>
 <o:File HRef="image074.png"/>
 <o:File HRef="image075.jpg"/>
 <o:File HRef="image076.jpg"/>
 <o:File HRef="image077.png"/>
 <o:File HRef="image078.jpg"/>
 <o:File HRef="image079.png"/>
 <o:File HRef="image080.jpg"/>
 <o:File HRef="image081.jpg"/>
 <o:File HRef="image082.jpg"/>
 <o:File HRef="image083.jpg"/>
 <o:File HRef="header.htm"/>
 <o:File HRef="filelist.xml"/>
</xml>